Name,Date,Type,Link
US v Wong Kim Ark,1898,Supreme Court,
Kwong Hai Chew v Colding,1953,Supreme Court,
Graham v Department of Pub Welfare,1971,Supreme Court,
Kleindienst v Mandel,1972,Supreme Court,
Matthews v Diaz,1976,Supreme Court,
Fiallo v Bell,1977,Supreme Court,
Toll v Moreno,1979,Supreme Court,
Vance v Terrazas,1980,Supreme Court,
Landon v Plasencia,1982,Supreme Court,
Plyler v Doe,1982,Supreme Court,
INS v Lopez-Mendoza,1984,Supreme Court,
INS v Delgaod,1984,Supreme Court,
INS v Cardoza-Fonseca,1987,Supreme Court,
INS v Elias Zacarias,1992,Supreme Court,
Vertalas v Holder,2012,Supreme Court,
Deferred Action for Childhood Arrivals (DACA) Dream Act,2012,Executive Order,
