country,perminant_resident_stats,year
Afghanistan,"2,813",2008
Albania,"5,754",2008
Algeria,"1,037",2008
American Samoa,14,2008
Angola,221,2008
Anguilla,22,2008
Antigua and Barbuda,444,2008
Argentina,"5,353",2008
Armenia,"3,586",2008
Aruba,36,2008
Australia,"2,464",2008
Austria,443,2008
Azerbaijan,"1,071",2008
Bahamas,682,2008
Bahrain,96,2008
Bangladesh,"11,753",2008
Barbados,585,2008
Belarus,"2,390",2008
Belgium,642,2008
Belize,"1,077",2008
Benin,317,2008
Bermuda,92,2008
Bhutan,42,2008
Bolivia,"2,436",2008
Bosnia and Herzegovina,"1,491",2008
Botswana,41,2008
Brazil,"12,195",2008
Brunei,18,2008
Bulgaria,"2,960",2008
Burkina Faso,238,2008
Burma,"3,403",2008
Burundi,255,2008
Cabo Verde,"1,916",2008
Cambodia,"3,713",2008
Cameroon,"3,771",2008
Canada,"15,109",2008
Cayman Islands,37,2008
Central African Republic,88,2008
Chad,96,2008
Chile,"2,017",2008
"China, People's Republic","80,271",2008
Colombia,"30,213",2008
Comoros,D,2008
"Congo, Democratic Republic","1,261",2008
"Congo, Republic",950,2008
Costa Rica,"2,090",2008
Cote d'Ivoire,"1,645",2008
Croatia,455,2008
Cuba,"49,500",2008
Curacao,X,2008
Cyprus,141,2008
Czechia,227,2008
Czechoslovakia (former),862,2008
Denmark,498,2008
Djibouti,39,2008
Dominica,454,2008
Dominican Republic,"31,879",2008
Ecuador,"11,663",2008
Egypt,"8,712",2008
El Salvador,"19,659",2008
Equatorial Guinea,16,2008
Eritrea,"1,270",2008
Estonia,287,2008
Ethiopia,"12,917",2008
Fiji,"1,176",2008
Finland,302,2008
France,"4,935",2008
French Polynesia,26,2008
Gabon,82,2008
Gambia,739,2008
Georgia,"1,620",2008
Germany,"7,091",2008
Ghana,"8,195",2008
Greece,769,2008
Grenada,784,2008
Guatemala,"16,182",2008
Guinea,"1,735",2008
Guinea-Bissau,17,2008
Guyana,"6,823",2008
Haiti,"26,007",2008
Honduras,"6,540",2008
Hong Kong,"3,373",2008
Hungary,"1,127",2008
Iceland,122,2008
India,"63,352",2008
Indonesia,"3,606",2008
Iran,"13,852",2008
Iraq,"4,795",2008
Ireland,"1,465",2008
Israel,"5,851",2008
Italy,"2,514",2008
Jamaica,"18,477",2008
Japan,"6,821",2008
Jordan,"3,936",2008
Kazakhstan,"1,630",2008
Kenya,"6,998",2008
Kiribati,4,2008
"Korea, North",NA,2008
"Korea, South 1","26,666",2008
Kosovo,-,2008
Kuwait,"1,104",2008
Kyrgyzstan,632,2008
Laos,"2,198",2008
Latvia,455,2008
Lebanon,"4,254",2008
Lesotho,16,2008
Liberia,"7,193",2008
Libya,285,2008
Lithuania,967,2008
Luxembourg,28,2008
Macau,205,2008
Macedonia,"1,107",2008
Madagascar,77,2008
Malawi,133,2008
Malaysia,"1,945",2008
Maldives,D,2008
Mali,523,2008
Malta,66,2008
Marshall Islands,39,2008
Mauritania,844,2008
Mauritius,83,2008
Mexico,"189,989",2008
"Micronesia, Federated States",13,2008
Moldova,"1,692",2008
Monaco,7,2008
Mongolia,659,2008
Montenegro,-,2008
Montserrat,61,2008
Morocco,"4,425",2008
Mozambique,69,2008
Namibia,46,2008
Nepal,"4,093",2008
Netherlands,"1,240",2008
Netherlands Antilles (former),78,2008
New Caledonia,5,2008
New Zealand,893,2008
Nicaragua,"3,614",2008
Niger,107,2008
Nigeria,"12,475",2008
Norway,350,2008
Oman,70,2008
Pakistan,"19,719",2008
Palau,6,2008
Panama,"1,678",2008
Papua New Guinea,15,2008
Paraguay,481,2008
Peru,"15,184",2008
Philippines,"54,030",2008
Poland,"8,354",2008
Portugal,772,2008
Qatar,151,2008
Romania,"4,930",2008
Russia,"11,695",2008
Rwanda,378,2008
Saint Kitts and Nevis,363,2008
Saint Lucia,946,2008
Saint Vincent and the Grenadines,568,2008
Samoa,227,2008
Sao Tome and Principe,7,2008
Saudi Arabia,"1,194",2008
Senegal,"1,149",2008
Serbia,-,2008
Serbia and Montenegro (former),"3,255",2008
Seychelles,16,2008
Sierra Leone,"2,795",2008
Singapore,922,2008
Sint Maarten,X,2008
Slovakia,653,2008
Slovenia,79,2008
Somalia,"10,745",2008
South Africa,"2,723",2008
South Sudan,X,2008
Soviet Union (former),"5,270",2008
Spain,"1,621",2008
Sri Lanka,"1,935",2008
Sudan,"3,598",2008
Suriname,218,2008
Swaziland,18,2008
Sweden,"1,019",2008
Switzerland,720,2008
Syria,"2,641",2008
Taiwan,"9,073",2008
Tajikistan,231,2008
Tanzania,838,2008
Thailand,"6,637",2008
Togo,"1,661",2008
Tonga,365,2008
Trinidad and Tobago,"5,937",2008
Tunisia,410,2008
Turkey,"4,210",2008
Turkmenistan,274,2008
Turks and Caicos Islands,35,2008
Uganda,"1,174",2008
Ukraine,"10,813",2008
United Arab Emirates,693,2008
United Kingdom,"14,348",2008
United States,216,2008
Uruguay,"1,451",2008
Uzbekistan,"6,375",2008
Venezuela,"10,514",2008
Vietnam,"31,497",2008
"Virgin Islands, British",53,2008
Yemen,"1,872",2008
Zambia,613,2008
Zimbabwe,953,2008
All other countries 2,30,2008
Unknown,"1,394",2008
Afghanistan,"3,165",2009
Albania,"5,137",2009
Algeria,"1,485",2009
American Samoa,19,2009
Angola,173,2009
Anguilla,21,2009
Antigua and Barbuda,437,2009
Argentina,"5,780",2009
Armenia,"3,442",2009
Aruba,38,2009
Australia,"2,622",2009
Austria,512,2009
Azerbaijan,834,2009
Bahamas,751,2009
Bahrain,120,2009
Bangladesh,"16,651",2009
Barbados,603,2009
Belarus,"2,407",2009
Belgium,686,2009
Belize,"1,041",2009
Benin,401,2009
Bermuda,108,2009
Bhutan,594,2009
Bolivia,"2,837",2009
Bosnia and Herzegovina,"1,501",2009
Botswana,55,2009
Brazil,"14,701",2009
Brunei,26,2009
Bulgaria,"3,133",2009
Burkina Faso,416,2009
Burma,"13,621",2009
Burundi,"1,505",2009
Cabo Verde,"2,238",2009
Cambodia,"3,771",2009
Cameroon,"3,463",2009
Canada,"16,140",2009
Cayman Islands,45,2009
Central African Republic,107,2009
Chad,102,2009
Chile,"2,250",2009
"China, People's Republic","64,238",2009
Colombia,"27,849",2009
Comoros,3,2009
"Congo, Democratic Republic","2,122",2009
"Congo, Republic","1,563",2009
Costa Rica,"2,384",2009
Cote d'Ivoire,"2,159",2009
Croatia,496,2009
Cuba,"38,954",2009
Curacao,X,2009
Cyprus,142,2009
Czechia,146,2009
Czechoslovakia (former),865,2009
Denmark,603,2009
Djibouti,54,2009
Dominica,484,2009
Dominican Republic,"49,414",2009
Ecuador,"12,128",2009
Egypt,"8,844",2009
El Salvador,"19,909",2009
Equatorial Guinea,32,2009
Eritrea,"1,928",2009
Estonia,282,2009
Ethiopia,"15,462",2009
Fiji,"1,194",2009
Finland,423,2009
France,"4,569",2009
French Polynesia,30,2009
Gabon,171,2009
Gambia,978,2009
Georgia,"1,578",2009
Germany,"7,583",2009
Ghana,"8,401",2009
Greece,798,2009
Grenada,748,2009
Guatemala,"12,187",2009
Guinea,"1,725",2009
Guinea-Bissau,20,2009
Guyana,"6,670",2009
Haiti,"24,280",2009
Honduras,"6,404",2009
Hong Kong,"2,651",2009
Hungary,"1,314",2009
Iceland,131,2009
India,"57,304",2009
Indonesia,"3,679",2009
Iran,"18,553",2009
Iraq,"12,110",2009
Ireland,"1,637",2009
Israel,"5,612",2009
Italy,"2,892",2009
Jamaica,"21,783",2009
Japan,"7,690",2009
Jordan,"4,282",2009
Kazakhstan,"1,562",2009
Kenya,"9,880",2009
Kiribati,10,2009
"Korea, North",67,2009
"Korea, South 1","25,859",2009
Kosovo,-,2009
Kuwait,"1,124",2009
Kyrgyzstan,574,2009
Laos,"1,688",2009
Latvia,444,2009
Lebanon,"3,831",2009
Lesotho,14,2009
Liberia,"7,641",2009
Libya,296,2009
Lithuania,"1,069",2009
Luxembourg,30,2009
Macau,158,2009
Macedonia,"1,128",2009
Madagascar,71,2009
Malawi,164,2009
Malaysia,"2,014",2009
Maldives,6,2009
Mali,576,2009
Malta,58,2009
Marshall Islands,48,2009
Mauritania,597,2009
Mauritius,110,2009
Mexico,"164,920",2009
"Micronesia, Federated States",16,2009
Moldova,"2,295",2009
Monaco,4,2009
Mongolia,831,2009
Montenegro,-,2009
Montserrat,43,2009
Morocco,"5,447",2009
Mozambique,66,2009
Namibia,53,2009
Nepal,"4,514",2009
Netherlands,"1,499",2009
Netherlands Antilles (former),97,2009
New Caledonia,13,2009
New Zealand,947,2009
Nicaragua,"4,137",2009
Niger,183,2009
Nigeria,"15,253",2009
Norway,407,2009
Oman,74,2009
Pakistan,"21,555",2009
Palau,16,2009
Panama,"1,806",2009
Papua New Guinea,19,2009
Paraguay,530,2009
Peru,"16,957",2009
Philippines,"60,029",2009
Poland,"8,754",2009
Portugal,946,2009
Qatar,134,2009
Romania,"4,910",2009
Russia,"8,238",2009
Rwanda,952,2009
Saint Kitts and Nevis,310,2009
Saint Lucia,"1,027",2009
Saint Vincent and the Grenadines,591,2009
Samoa,250,2009
Sao Tome and Principe,11,2009
Saudi Arabia,"1,418",2009
Senegal,"1,524",2009
Serbia,-,2009
Serbia and Montenegro (former),"3,166",2009
Seychelles,10,2009
Sierra Leone,"2,687",2009
Singapore,832,2009
Sint Maarten,X,2009
Slovakia,706,2009
Slovenia,108,2009
Somalia,"13,390",2009
South Africa,"3,171",2009
South Sudan,X,2009
Soviet Union (former),"5,911",2009
Spain,"1,769",2009
Sri Lanka,"2,009",2009
Sudan,"3,577",2009
Suriname,227,2009
Swaziland,42,2009
Sweden,"1,138",2009
Switzerland,798,2009
Syria,"2,442",2009
Taiwan,"8,038",2009
Tajikistan,265,2009
Tanzania,"2,773",2009
Thailand,"10,444",2009
Togo,"1,680",2009
Tonga,379,2009
Trinidad and Tobago,"6,256",2009
Tunisia,416,2009
Turkey,"4,958",2009
Turkmenistan,290,2009
Turks and Caicos Islands,31,2009
Uganda,"1,364",2009
Ukraine,"11,223",2009
United Arab Emirates,697,2009
United Kingdom,"15,748",2009
United States,181,2009
Uruguay,"1,775",2009
Uzbekistan,"5,467",2009
Venezuela,"11,154",2009
Vietnam,"29,234",2009
"Virgin Islands, British",46,2009
Yemen,"3,134",2009
Zambia,704,2009
Zimbabwe,983,2009
All other countries 2,38,2009
Unknown,"1,366",2009
Afghanistan,"2,017",2010
Albania,"4,711",2010
Algeria,"1,305",2010
American Samoa,14,2010
Angola,148,2010
Anguilla,19,2010
Antigua and Barbuda,359,2010
Argentina,"4,399",2010
Armenia,"2,979",2010
Aruba,49,2010
Australia,"2,512",2010
Austria,442,2010
Azerbaijan,781,2010
Bahamas,652,2010
Bahrain,104,2010
Bangladesh,"14,819",2010
Barbados,465,2010
Belarus,"2,038",2010
Belgium,592,2010
Belize,965,2010
Benin,486,2010
Bermuda,72,2010
Bhutan,"6,109",2010
Bolivia,"2,253",2010
Bosnia and Herzegovina,946,2010
Botswana,66,2010
Brazil,"12,258",2010
Brunei,20,2010
Bulgaria,"2,570",2010
Burkina Faso,377,2010
Burma,"12,925",2010
Burundi,841,2010
Cabo Verde,"1,668",2010
Cambodia,"2,986",2010
Cameroon,"4,161",2010
Canada,"13,328",2010
Cayman Islands,52,2010
Central African Republic,101,2010
Chad,120,2010
Chile,"1,950",2010
"China, People's Republic","70,863",2010
Colombia,"22,406",2010
Comoros,4,2010
"Congo, Democratic Republic","1,764",2010
"Congo, Republic",968,2010
Costa Rica,"2,164",2010
Cote d'Ivoire,"1,621",2010
Croatia,357,2010
Cuba,"33,573",2010
Curacao,X,2010
Cyprus,122,2010
Czechia,190,2010
Czechoslovakia (former),750,2010
Denmark,518,2010
Djibouti,37,2010
Dominica,366,2010
Dominican Republic,"53,870",2010
Ecuador,"11,492",2010
Egypt,"8,978",2010
El Salvador,"18,806",2010
Equatorial Guinea,12,2010
Eritrea,"1,656",2010
Estonia,260,2010
Ethiopia,"14,266",2010
Fiji,"1,201",2010
Finland,397,2010
France,"3,919",2010
French Polynesia,16,2010
Gabon,138,2010
Gambia,859,2010
Georgia,"1,518",2010
Germany,"6,888",2010
Ghana,"7,429",2010
Greece,745,2010
Grenada,664,2010
Guatemala,"10,467",2010
Guinea,"1,379",2010
Guinea-Bissau,30,2010
Guyana,"6,749",2010
Haiti,"22,582",2010
Honduras,"6,448",2010
Hong Kong,"2,432",2010
Hungary,"1,022",2010
Iceland,105,2010
India,"69,162",2010
Indonesia,"3,032",2010
Iran,"14,182",2010
Iraq,"19,855",2010
Ireland,"1,507",2010
Israel,"4,515",2010
Italy,"2,579",2010
Jamaica,"19,825",2010
Japan,"6,264",2010
Jordan,"3,868",2010
Kazakhstan,"1,282",2010
Kenya,"7,421",2010
Kiribati,6,2010
"Korea, North",35,2010
"Korea, South 1","22,227",2010
Kosovo,355,2010
Kuwait,"1,037",2010
Kyrgyzstan,507,2010
Laos,"1,200",2010
Latvia,435,2010
Lebanon,"3,487",2010
Lesotho,23,2010
Liberia,"4,837",2010
Libya,355,2010
Lithuania,985,2010
Luxembourg,22,2010
Macau,143,2010
Macedonia,963,2010
Madagascar,80,2010
Malawi,164,2010
Malaysia,"1,714",2010
Maldives,5,2010
Mali,528,2010
Malta,74,2010
Marshall Islands,37,2010
Mauritania,495,2010
Mauritius,84,2010
Mexico,"139,120",2010
"Micronesia, Federated States",10,2010
Moldova,"1,981",2010
Monaco,12,2010
Mongolia,594,2010
Montenegro,120,2010
Montserrat,27,2010
Morocco,"5,013",2010
Mozambique,53,2010
Namibia,60,2010
Nepal,"7,115",2010
Netherlands,"1,321",2010
Netherlands Antilles (former),77,2010
New Caledonia,6,2010
New Zealand,919,2010
Nicaragua,"3,565",2010
Niger,96,2010
Nigeria,"13,376",2010
Norway,334,2010
Oman,63,2010
Pakistan,"18,258",2010
Palau,18,2010
Panama,"1,536",2010
Papua New Guinea,30,2010
Paraguay,467,2010
Peru,"14,247",2010
Philippines,"58,173",2010
Poland,"7,643",2010
Portugal,755,2010
Qatar,148,2010
Romania,"4,003",2010
Russia,"6,718",2010
Rwanda,489,2010
Saint Kitts and Nevis,339,2010
Saint Lucia,872,2010
Saint Vincent and the Grenadines,576,2010
Samoa,219,2010
Sao Tome and Principe,10,2010
Saudi Arabia,"1,263",2010
Senegal,"1,285",2010
Serbia,20,2010
Serbia and Montenegro (former),"2,196",2010
Seychelles,8,2010
Sierra Leone,"2,011",2010
Singapore,774,2010
Sint Maarten,X,2010
Slovakia,538,2010
Slovenia,74,2010
Somalia,"4,558",2010
South Africa,"2,758",2010
South Sudan,X,2010
Soviet Union (former),"4,978",2010
Spain,"1,684",2010
Sri Lanka,"2,036",2010
Sudan,"2,397",2010
Suriname,216,2010
Swaziland,22,2010
Sweden,"1,097",2010
Switzerland,675,2010
Syria,"2,555",2010
Taiwan,"6,732",2010
Tajikistan,299,2010
Tanzania,"1,850",2010
Thailand,"9,384",2010
Togo,"1,563",2010
Tonga,343,2010
Trinidad and Tobago,"5,435",2010
Tunisia,418,2010
Turkey,"4,483",2010
Turkmenistan,224,2010
Turks and Caicos Islands,29,2010
Uganda,"1,085",2010
Ukraine,"8,477",2010
United Arab Emirates,779,2010
United Kingdom,"12,792",2010
United States,201,2010
Uruguay,"1,331",2010
Uzbekistan,"4,770",2010
Venezuela,"9,409",2010
Vietnam,"30,632",2010
"Virgin Islands, British",46,2010
Yemen,"3,591",2010
Zambia,628,2010
Zimbabwe,"1,274",2010
All other countries 2,32,2010
Unknown,"1,330",2010
Afghanistan,"1,648",2011
Albania,"3,612",2011
Algeria,"1,364",2011
American Samoa,D,2011
Angola,148,2011
Anguilla,25,2011
Antigua and Barbuda,368,2011
Argentina,"4,473",2011
Armenia,"2,983",2011
Aruba,39,2011
Australia,"2,343",2011
Austria,424,2011
Azerbaijan,728,2011
Bahamas,668,2011
Bahrain,119,2011
Bangladesh,"16,707",2011
Barbados,455,2011
Belarus,"1,964",2011
Belgium,567,2011
Belize,905,2011
Benin,462,2011
Bermuda,71,2011
Bhutan,"10,137",2011
Bolivia,"2,173",2011
Bosnia and Herzegovina,878,2011
Botswana,76,2011
Brazil,"11,763",2011
Brunei,25,2011
Bulgaria,"2,661",2011
Burkina Faso,433,2011
Burma,"16,518",2011
Burundi,593,2011
Cabo Verde,"1,808",2011
Cambodia,"2,745",2011
Cameroon,"4,754",2011
Canada,"12,800",2011
Cayman Islands,41,2011
Central African Republic,134,2011
Chad,171,2011
Chile,"1,853",2011
"China, People's Republic","87,016",2011
Colombia,"22,635",2011
Comoros,8,2011
"Congo, Democratic Republic","2,424",2011
"Congo, Republic","1,371",2011
Costa Rica,"2,135",2011
Cote d'Ivoire,"1,302",2011
Croatia,349,2011
Cuba,"36,452",2011
Curacao,-,2011
Cyprus,101,2011
Czechia,303,2011
Czechoslovakia (former),466,2011
Denmark,459,2011
Djibouti,56,2011
Dominica,287,2011
Dominican Republic,"46,109",2011
Ecuador,"11,103",2011
Egypt,"7,778",2011
El Salvador,"18,667",2011
Equatorial Guinea,13,2011
Eritrea,"2,102",2011
Estonia,191,2011
Ethiopia,"13,793",2011
Fiji,"1,041",2011
Finland,363,2011
France,"3,653",2011
French Polynesia,21,2011
Gabon,204,2011
Gambia,972,2011
Georgia,"1,490",2011
Germany,"6,125",2011
Ghana,"8,798",2011
Greece,949,2011
Grenada,579,2011
Guatemala,"11,092",2011
Guinea,"1,555",2011
Guinea-Bissau,29,2011
Guyana,"6,599",2011
Haiti,"22,111",2011
Honduras,"6,133",2011
Hong Kong,"2,306",2011
Hungary,"1,044",2011
Iceland,90,2011
India,"69,013",2011
Indonesia,"2,856",2011
Iran,"14,822",2011
Iraq,"21,133",2011
Ireland,"1,371",2011
Israel,"3,826",2011
Italy,"2,443",2011
Jamaica,"19,662",2011
Japan,"6,161",2011
Jordan,"3,876",2011
Kazakhstan,"1,235",2011
Kenya,"7,762",2011
Kiribati,D,2011
"Korea, North",36,2011
"Korea, South 1","22,824",2011
Kosovo,670,2011
Kuwait,973,2011
Kyrgyzstan,542,2011
Laos,956,2011
Latvia,426,2011
Lebanon,"3,295",2011
Lesotho,25,2011
Liberia,"4,151",2011
Libya,357,2011
Lithuania,936,2011
Luxembourg,24,2011
Macau,130,2011
Macedonia,"1,078",2011
Madagascar,83,2011
Malawi,123,2011
Malaysia,"2,273",2011
Maldives,3,2011
Mali,629,2011
Malta,51,2011
Marshall Islands,38,2011
Mauritania,393,2011
Mauritius,101,2011
Mexico,"143,446",2011
"Micronesia, Federated States",9,2011
Moldova,"2,258",2011
Monaco,6,2011
Mongolia,774,2011
Montenegro,204,2011
Montserrat,30,2011
Morocco,"4,399",2011
Mozambique,60,2011
Namibia,43,2011
Nepal,"10,166",2011
Netherlands,"1,085",2011
Netherlands Antilles (former),86,2011
New Caledonia,5,2011
New Zealand,803,2011
Nicaragua,"3,401",2011
Niger,96,2011
Nigeria,"11,824",2011
Norway,339,2011
Oman,60,2011
Pakistan,"15,546",2011
Palau,7,2011
Panama,"1,374",2011
Papua New Guinea,20,2011
Paraguay,500,2011
Peru,"14,064",2011
Philippines,"57,011",2011
Poland,"6,863",2011
Portugal,821,2011
Qatar,193,2011
Romania,"3,882",2011
Russia,"7,944",2011
Rwanda,520,2011
Saint Kitts and Nevis,350,2011
Saint Lucia,785,2011
Saint Vincent and the Grenadines,468,2011
Samoa,267,2011
Sao Tome and Principe,9,2011
Saudi Arabia,"1,396",2011
Senegal,"1,424",2011
Serbia,244,2011
Serbia and Montenegro (former),"1,398",2011
Seychelles,15,2011
Sierra Leone,"1,985",2011
Singapore,690,2011
Sint Maarten,-,2011
Slovakia,594,2011
Slovenia,69,2011
Somalia,"4,451",2011
South Africa,"2,649",2011
South Sudan,-,2011
Soviet Union (former),"3,687",2011
Spain,"1,890",2011
Sri Lanka,"2,053",2011
Sudan,"2,628",2011
Suriname,196,2011
Swaziland,19,2011
Sweden,979,2011
Switzerland,615,2011
Syria,"2,785",2011
Taiwan,"6,154",2011
Tajikistan,382,2011
Tanzania,"1,427",2011
Thailand,"9,962",2011
Togo,"1,506",2011
Tonga,408,2011
Trinidad and Tobago,"5,023",2011
Tunisia,440,2011
Turkey,"4,403",2011
Turkmenistan,260,2011
Turks and Caicos Islands,33,2011
Uganda,"1,239",2011
Ukraine,"8,292",2011
United Arab Emirates,707,2011
United Kingdom,"11,572",2011
United States,269,2011
Uruguay,"1,553",2011
Uzbekistan,"5,056",2011
Venezuela,"9,183",2011
Vietnam,"34,157",2011
"Virgin Islands, British",37,2011
Yemen,"3,361",2011
Zambia,652,2011
Zimbabwe,"1,016",2011
All other countries 2,27,2011
Unknown,"1,245",2011
Afghanistan,"1,617",2012
Albania,"3,364",2012
Algeria,"1,369",2012
American Samoa,-,2012
Angola,187,2012
Anguilla,23,2012
Antigua and Barbuda,337,2012
Argentina,"4,359",2012
Armenia,"2,681",2012
Aruba,54,2012
Australia,"2,414",2012
Austria,407,2012
Azerbaijan,663,2012
Bahamas,619,2012
Bahrain,104,2012
Bangladesh,"14,705",2012
Barbados,460,2012
Belarus,"1,659",2012
Belgium,574,2012
Belize,847,2012
Benin,415,2012
Bermuda,85,2012
Bhutan,"10,198",2012
Bolivia,"1,948",2012
Bosnia and Herzegovina,815,2012
Botswana,80,2012
Brazil,"11,441",2012
Brunei,19,2012
Bulgaria,"2,440",2012
Burkina Faso,558,2012
Burma,"17,383",2012
Burundi,535,2012
Cabo Verde,"1,684",2012
Cambodia,"2,473",2012
Cameroon,"3,815",2012
Canada,"12,932",2012
Cayman Islands,44,2012
Central African Republic,116,2012
Chad,155,2012
Chile,"1,673",2012
"China, People's Republic","81,784",2012
Colombia,"20,931",2012
Comoros,10,2012
"Congo, Democratic Republic","3,731",2012
"Congo, Republic","1,461",2012
Costa Rica,"2,020",2012
Cote d'Ivoire,"1,760",2012
Croatia,336,2012
Cuba,"32,820",2012
Curacao,-,2012
Cyprus,107,2012
Czechia,677,2012
Czechoslovakia (former),159,2012
Denmark,459,2012
Djibouti,106,2012
Dominica,125,2012
Dominican Republic,"41,566",2012
Ecuador,"9,342",2012
Egypt,"8,988",2012
El Salvador,"16,256",2012
Equatorial Guinea,20,2012
Eritrea,"2,643",2012
Estonia,227,2012
Ethiopia,"14,544",2012
Fiji,853,2012
Finland,348,2012
France,"3,862",2012
French Polynesia,30,2012
Gabon,197,2012
Gambia,"1,159",2012
Georgia,"1,341",2012
Germany,"5,812",2012
Ghana,"10,592",2012
Greece,"1,054",2012
Grenada,671,2012
Guatemala,"10,341",2012
Guinea,"1,656",2012
Guinea-Bissau,47,2012
Guyana,"5,683",2012
Haiti,"22,818",2012
Honduras,"6,884",2012
Hong Kong,"2,104",2012
Hungary,"1,054",2012
Iceland,103,2012
India,"66,434",2012
Indonesia,"2,603",2012
Iran,"12,916",2012
Iraq,"20,369",2012
Ireland,"1,514",2012
Israel,"4,153",2012
Italy,"2,673",2012
Jamaica,"20,705",2012
Japan,"6,061",2012
Jordan,"4,099",2012
Kazakhstan,"1,202",2012
Kenya,"7,043",2012
Kiribati,6,2012
"Korea, North",49,2012
"Korea, South 1","20,846",2012
Kosovo,782,2012
Kuwait,"1,044",2012
Kyrgyzstan,648,2012
Laos,949,2012
Latvia,436,2012
Lebanon,"2,879",2012
Lesotho,17,2012
Liberia,"4,109",2012
Libya,315,2012
Lithuania,924,2012
Luxembourg,19,2012
Macau,120,2012
Macedonia,906,2012
Madagascar,79,2012
Malawi,192,2012
Malaysia,"2,605",2012
Maldives,3,2012
Mali,734,2012
Malta,62,2012
Marshall Islands,50,2012
Mauritania,410,2012
Mauritius,77,2012
Mexico,"146,406",2012
"Micronesia, Federated States",13,2012
Moldova,"2,021",2012
Monaco,5,2012
Mongolia,691,2012
Montenegro,265,2012
Montserrat,27,2012
Morocco,"3,656",2012
Mozambique,94,2012
Namibia,59,2012
Nepal,"11,312",2012
Netherlands,"1,091",2012
Netherlands Antilles (former),106,2012
New Caledonia,3,2012
New Zealand,814,2012
Nicaragua,"3,046",2012
Niger,48,2012
Nigeria,"13,575",2012
Norway,276,2012
Oman,74,2012
Pakistan,"14,740",2012
Palau,10,2012
Panama,"1,281",2012
Papua New Guinea,21,2012
Paraguay,467,2012
Peru,"12,609",2012
Philippines,"57,327",2012
Poland,"6,300",2012
Portugal,811,2012
Qatar,141,2012
Romania,"3,748",2012
Russia,"9,969",2012
Rwanda,592,2012
Saint Kitts and Nevis,311,2012
Saint Lucia,919,2012
Saint Vincent and the Grenadines,503,2012
Samoa,238,2012
Sao Tome and Principe,12,2012
Saudi Arabia,"1,343",2012
Senegal,"1,615",2012
Serbia,704,2012
Serbia and Montenegro (former),801,2012
Seychelles,7,2012
Sierra Leone,"1,688",2012
Singapore,712,2012
Sint Maarten,-,2012
Slovakia,528,2012
Slovenia,86,2012
Somalia,"5,204",2012
South Africa,"2,781",2012
South Sudan,17,2012
Soviet Union (former),"1,296",2012
Spain,"1,842",2012
Sri Lanka,"1,994",2012
Sudan,"2,471",2012
Suriname,187,2012
Swaziland,24,2012
Sweden,968,2012
Switzerland,635,2012
Syria,"3,014",2012
Taiwan,"5,331",2012
Tajikistan,411,2012
Tanzania,"1,516",2012
Thailand,"9,459",2012
Togo,"1,756",2012
Tonga,276,2012
Trinidad and Tobago,"5,214",2012
Tunisia,422,2012
Turkey,"4,162",2012
Turkmenistan,223,2012
Turks and Caicos Islands,30,2012
Uganda,"1,340",2012
Ukraine,"7,642",2012
United Arab Emirates,854,2012
United Kingdom,"12,014",2012
United States,279,2012
Uruguay,"1,374",2012
Uzbekistan,"4,726",2012
Venezuela,"9,387",2012
Vietnam,"28,304",2012
"Virgin Islands, British",39,2012
Yemen,"2,620",2012
Zambia,643,2012
Zimbabwe,914,2012
All other countries 2,25,2012
Unknown,"1,206",2012
Afghanistan,"2,196",2013
Albania,"3,186",2013
Algeria,"1,241",2013
American Samoa,D,2013
Angola,143,2013
Anguilla,22,2013
Antigua and Barbuda,344,2013
Argentina,"4,372",2013
Armenia,"2,722",2013
Aruba,45,2013
Australia,"2,759",2013
Austria,415,2013
Azerbaijan,637,2013
Bahamas,630,2013
Bahrain,115,2013
Bangladesh,"12,099",2013
Barbados,428,2013
Belarus,"1,970",2013
Belgium,675,2013
Belize,946,2013
Benin,342,2013
Bermuda,88,2013
Bhutan,"8,954",2013
Bolivia,"2,071",2013
Bosnia and Herzegovina,697,2013
Botswana,53,2013
Brazil,"11,033",2013
Brunei,21,2013
Bulgaria,"2,844",2013
Burkina Faso,585,2013
Burma,"12,565",2013
Burundi,260,2013
Cabo Verde,"1,673",2013
Cambodia,"2,624",2013
Cameroon,"3,908",2013
Canada,"13,181",2013
Cayman Islands,44,2013
Central African Republic,213,2013
Chad,111,2013
Chile,"1,736",2013
"China, People's Republic","71,798",2013
Colombia,"21,131",2013
Comoros,D,2013
"Congo, Democratic Republic","2,792",2013
"Congo, Republic","1,059",2013
Costa Rica,"2,114",2013
Cote d'Ivoire,"1,486",2013
Croatia,353,2013
Cuba,"32,219",2013
Curacao,-,2013
Cyprus,126,2013
Czechia,676,2013
Czechoslovakia (former),74,2013
Denmark,506,2013
Djibouti,90,2013
Dominica,244,2013
Dominican Republic,"41,311",2013
Ecuador,"10,591",2013
Egypt,"10,294",2013
El Salvador,"18,260",2013
Equatorial Guinea,18,2013
Eritrea,"2,138",2013
Estonia,211,2013
Ethiopia,"13,097",2013
Fiji,895,2013
Finland,331,2013
France,"4,425",2013
French Polynesia,-,2013
Gabon,127,2013
Gambia,"1,018",2013
Georgia,"1,368",2013
Germany,"6,032",2013
Ghana,"10,265",2013
Greece,"1,361",2013
Grenada,687,2013
Guatemala,"10,224",2013
Guinea,"1,518",2013
Guinea-Bissau,43,2013
Guyana,"5,897",2013
Haiti,"20,351",2013
Honduras,"8,898",2013
Hong Kong,"2,226",2013
Hungary,"1,052",2013
Iceland,139,2013
India,"68,458",2013
Indonesia,"2,731",2013
Iran,"12,863",2013
Iraq,"9,552",2013
Ireland,"1,626",2013
Israel,"3,996",2013
Italy,"2,960",2013
Jamaica,"19,400",2013
Japan,"5,925",2013
Jordan,"4,188",2013
Kazakhstan,"1,241",2013
Kenya,"6,123",2013
Kiribati,D,2013
"Korea, North",48,2013
"Korea, South 1","23,166",2013
Kosovo,839,2013
Kuwait,937,2013
Kyrgyzstan,652,2013
Laos,923,2013
Latvia,424,2013
Lebanon,"2,783",2013
Lesotho,20,2013
Liberia,"3,334",2013
Libya,376,2013
Lithuania,854,2013
Luxembourg,40,2013
Macau,106,2013
Macedonia,895,2013
Madagascar,95,2013
Malawi,159,2013
Malaysia,"2,477",2013
Maldives,5,2013
Mali,667,2013
Malta,43,2013
Marshall Islands,46,2013
Mauritania,354,2013
Mauritius,83,2013
Mexico,"135,028",2013
"Micronesia, Federated States",4,2013
Moldova,"2,485",2013
Monaco,8,2013
Mongolia,729,2013
Montenegro,265,2013
Montserrat,-,2013
Morocco,"3,336",2013
Mozambique,73,2013
Namibia,57,2013
Nepal,"13,046",2013
Netherlands,"1,142",2013
Netherlands Antilles (former),128,2013
New Caledonia,6,2013
New Zealand,921,2013
Nicaragua,"3,048",2013
Niger,37,2013
Nigeria,"13,840",2013
Norway,335,2013
Oman,73,2013
Pakistan,"13,251",2013
Palau,16,2013
Panama,"1,234",2013
Papua New Guinea,27,2013
Paraguay,448,2013
Peru,"12,564",2013
Philippines,"54,446",2013
Poland,"6,430",2013
Portugal,918,2013
Qatar,191,2013
Romania,"3,773",2013
Russia,"9,753",2013
Rwanda,540,2013
Saint Kitts and Nevis,259,2013
Saint Lucia,853,2013
Saint Vincent and the Grenadines,529,2013
Samoa,237,2013
Sao Tome and Principe,6,2013
Saudi Arabia,"1,463",2013
Senegal,"1,340",2013
Serbia,866,2013
Serbia and Montenegro (former),653,2013
Seychelles,6,2013
Sierra Leone,"1,651",2013
Singapore,835,2013
Sint Maarten,-,2013
Slovakia,507,2013
Slovenia,62,2013
Somalia,"3,764",2013
South Africa,"2,629",2013
South Sudan,59,2013
Soviet Union (former),"1,264",2013
Spain,"2,480",2013
Sri Lanka,"1,847",2013
Sudan,"1,945",2013
Suriname,178,2013
Swaziland,15,2013
Sweden,"1,106",2013
Switzerland,697,2013
Syria,"3,366",2013
Taiwan,"5,385",2013
Tajikistan,550,2013
Tanzania,837,2013
Thailand,"7,583",2013
Togo,"1,257",2013
Tonga,348,2013
Trinidad and Tobago,"4,724",2013
Tunisia,445,2013
Turkey,"4,144",2013
Turkmenistan,210,2013
Turks and Caicos Islands,50,2013
Uganda,"1,350",2013
Ukraine,"8,193",2013
United Arab Emirates,910,2013
United Kingdom,"12,984",2013
United States,319,2013
Uruguay,"1,352",2013
Uzbekistan,"4,382",2013
Venezuela,"9,572",2013
Vietnam,"27,101",2013
"Virgin Islands, British",45,2013
Yemen,"3,532",2013
Zambia,505,2013
Zimbabwe,924,2013
All other countries 2,30,2013
Unknown,"3,263",2013
Afghanistan,"10,527",2014
Albania,"3,828",2014
Algeria,"1,669",2014
American Samoa,-,2014
Angola,148,2014
Anguilla,20,2014
Antigua and Barbuda,369,2014
Argentina,"3,874",2014
Armenia,"2,913",2014
Aruba,40,2014
Australia,"2,809",2014
Austria,438,2014
Azerbaijan,672,2014
Bahamas,654,2014
Bahrain,122,2014
Bangladesh,"14,645",2014
Barbados,384,2014
Belarus,"2,015",2014
Belgium,632,2014
Belize,789,2014
Benin,517,2014
Bermuda,106,2014
Bhutan,"7,298",2014
Bolivia,"1,719",2014
Bosnia and Herzegovina,693,2014
Botswana,58,2014
Brazil,"10,429",2014
Brunei,25,2014
Bulgaria,"2,981",2014
Burkina Faso,583,2014
Burma,"11,144",2014
Burundi,273,2014
Cabo Verde,"1,154",2014
Cambodia,"2,536",2014
Cameroon,"3,943",2014
Canada,"11,586",2014
Cayman Islands,48,2014
Central African Republic,155,2014
Chad,119,2014
Chile,"1,581",2014
"China, People's Republic","76,089",2014
Colombia,"18,175",2014
Comoros,9,2014
"Congo, Democratic Republic","4,347",2014
"Congo, Republic",552,2014
Costa Rica,"1,966",2014
Cote d'Ivoire,"1,477",2014
Croatia,297,2014
Cuba,"46,679",2014
Curacao,27,2014
Cyprus,129,2014
Czechia,606,2014
Czechoslovakia (former),74,2014
Denmark,514,2014
Djibouti,190,2014
Dominica,345,2014
Dominican Republic,"44,577",2014
Ecuador,"10,960",2014
Egypt,"11,477",2014
El Salvador,"19,273",2014
Equatorial Guinea,15,2014
Eritrea,"2,002",2014
Estonia,220,2014
Ethiopia,"12,300",2014
Fiji,802,2014
Finland,350,2014
France,"4,284",2014
French Polynesia,24,2014
Gabon,167,2014
Gambia,"1,111",2014
Georgia,"1,240",2014
Germany,"5,584",2014
Ghana,"7,115",2014
Greece,"1,235",2014
Grenada,633,2014
Guatemala,"10,238",2014
Guinea,"1,375",2014
Guinea-Bissau,30,2014
Guyana,"6,267",2014
Haiti,"15,274",2014
Honduras,"8,156",2014
Hong Kong,"2,278",2014
Hungary,996,2014
Iceland,86,2014
India,"77,908",2014
Indonesia,"2,139",2014
Iran,"11,615",2014
Iraq,"19,153",2014
Ireland,"1,605",2014
Israel,"3,805",2014
Italy,"3,298",2014
Jamaica,"19,026",2014
Japan,"5,545",2014
Jordan,"5,187",2014
Kazakhstan,"1,221",2014
Kenya,"5,884",2014
Kiribati,6,2014
"Korea, North",142,2014
"Korea, South 1","20,423",2014
Kosovo,758,2014
Kuwait,"1,057",2014
Kyrgyzstan,707,2014
Laos,806,2014
Latvia,384,2014
Lebanon,"3,245",2014
Lesotho,13,2014
Liberia,"3,874",2014
Libya,524,2014
Lithuania,747,2014
Luxembourg,26,2014
Macau,105,2014
Macedonia,960,2014
Madagascar,86,2014
Malawi,172,2014
Malaysia,"2,622",2014
Maldives,13,2014
Mali,604,2014
Malta,39,2014
Marshall Islands,56,2014
Mauritania,320,2014
Mauritius,81,2014
Mexico,"134,052",2014
"Micronesia, Federated States",5,2014
Moldova,"2,341",2014
Monaco,8,2014
Mongolia,651,2014
Montenegro,289,2014
Montserrat,38,2014
Morocco,"3,605",2014
Mozambique,71,2014
Namibia,44,2014
Nepal,"12,357",2014
Netherlands,"1,195",2014
Netherlands Antilles (former),45,2014
New Caledonia,6,2014
New Zealand,796,2014
Nicaragua,"2,886",2014
Niger,71,2014
Nigeria,"12,828",2014
Norway,271,2014
Oman,90,2014
Pakistan,"18,612",2014
Palau,12,2014
Panama,"1,095",2014
Papua New Guinea,18,2014
Paraguay,391,2014
Peru,"10,606",2014
Philippines,"49,996",2014
Poland,"5,689",2014
Portugal,892,2014
Qatar,202,2014
Romania,"3,246",2014
Russia,"9,079",2014
Rwanda,555,2014
Saint Kitts and Nevis,263,2014
Saint Lucia,844,2014
Saint Vincent and the Grenadines,448,2014
Samoa,239,2014
Sao Tome and Principe,5,2014
Saudi Arabia,"1,696",2014
Senegal,"1,273",2014
Serbia,"1,143",2014
Serbia and Montenegro (former),267,2014
Seychelles,7,2014
Sierra Leone,"1,740",2014
Singapore,779,2014
Sint Maarten,45,2014
Slovakia,460,2014
Slovenia,78,2014
Somalia,"5,190",2014
South Africa,"2,676",2014
South Sudan,74,2014
Soviet Union (former),"1,136",2014
Spain,"2,928",2014
Sri Lanka,"1,767",2014
Sudan,"2,442",2014
Suriname,158,2014
Swaziland,23,2014
Sweden,954,2014
Switzerland,656,2014
Syria,"3,540",2014
Taiwan,"4,697",2014
Tajikistan,516,2014
Tanzania,774,2014
Thailand,"6,197",2014
Togo,"1,612",2014
Tonga,320,2014
Trinidad and Tobago,"3,988",2014
Tunisia,429,2014
Turkey,"3,834",2014
Turkmenistan,254,2014
Turks and Caicos Islands,40,2014
Uganda,"1,409",2014
Ukraine,"7,752",2014
United Arab Emirates,"1,039",2014
United Kingdom,"12,225",2014
United States,358,2014
Uruguay,"1,128",2014
Uzbekistan,"5,194",2014
Venezuela,"8,427",2014
Vietnam,"30,283",2014
"Virgin Islands, British",56,2014
Yemen,"3,492",2014
Zambia,441,2014
Zimbabwe,797,2014
All other countries 2,36,2014
Unknown,"1,150",2014
Afghanistan,"8,328",2015
Albania,"4,653",2015
Algeria,"1,775",2015
American Samoa,-,2015
Angola,154,2015
Anguilla,22,2015
Antigua and Barbuda,290,2015
Argentina,"3,730",2015
Armenia,"2,962",2015
Aruba,38,2015
Australia,"3,034",2015
Austria,474,2015
Azerbaijan,676,2015
Bahamas,725,2015
Bahrain,145,2015
Bangladesh,"13,570",2015
Barbados,376,2015
Belarus,"1,994",2015
Belgium,662,2015
Belize,772,2015
Benin,466,2015
Bermuda,112,2015
Bhutan,"6,325",2015
Bolivia,"1,626",2015
Bosnia and Herzegovina,859,2015
Botswana,61,2015
Brazil,"11,424",2015
Brunei,21,2015
Bulgaria,"2,688",2015
Burkina Faso,575,2015
Burma,"12,808",2015
Burundi,351,2015
Cabo Verde,"1,253",2015
Cambodia,"1,868",2015
Cameroon,"4,374",2015
Canada,"12,673",2015
Cayman Islands,53,2015
Central African Republic,234,2015
Chad,175,2015
Chile,"1,596",2015
"China, People's Republic","74,558",2015
Colombia,"17,316",2015
Comoros,5,2015
"Congo, Democratic Republic","5,345",2015
"Congo, Republic",496,2015
Costa Rica,"2,029",2015
Cote d'Ivoire,"1,497",2015
Croatia,348,2015
Cuba,"54,396",2015
Curacao,22,2015
Cyprus,113,2015
Czechia,637,2015
Czechoslovakia (former),58,2015
Denmark,609,2015
Djibouti,370,2015
Dominica,229,2015
Dominican Republic,"50,610",2015
Ecuador,"10,187",2015
Egypt,"12,085",2015
El Salvador,"19,487",2015
Equatorial Guinea,25,2015
Eritrea,"2,220",2015
Estonia,189,2015
Ethiopia,"11,394",2015
Fiji,875,2015
Finland,407,2015
France,"4,693",2015
French Polynesia,14,2015
Gabon,146,2015
Gambia,"1,142",2015
Georgia,"1,410",2015
Germany,"5,436",2015
Ghana,"6,186",2015
Greece,"1,211",2015
Grenada,525,2015
Guatemala,"11,773",2015
Guinea,"1,389",2015
Guinea-Bissau,39,2015
Guyana,"5,543",2015
Haiti,"16,967",2015
Honduras,"9,274",2015
Hong Kong,"2,085",2015
Hungary,"1,095",2015
Iceland,104,2015
India,"64,116",2015
Indonesia,"2,084",2015
Iran,"13,114",2015
Iraq,"21,107",2015
Ireland,"1,607",2015
Israel,"3,965",2015
Italy,"3,544",2015
Jamaica,"17,642",2015
Japan,"5,395",2015
Jordan,"4,664",2015
Kazakhstan,"1,201",2015
Kenya,"5,602",2015
Kiribati,4,2015
"Korea, North",55,2015
"Korea, South 1","17,138",2015
Kosovo,814,2015
Kuwait,"1,055",2015
Kyrgyzstan,790,2015
Laos,917,2015
Latvia,480,2015
Lebanon,"2,813",2015
Lesotho,23,2015
Liberia,"3,795",2015
Libya,734,2015
Lithuania,750,2015
Luxembourg,27,2015
Macau,99,2015
Macedonia,"1,060",2015
Madagascar,72,2015
Malawi,160,2015
Malaysia,"2,749",2015
Maldives,8,2015
Mali,587,2015
Malta,58,2015
Marshall Islands,32,2015
Mauritania,298,2015
Mauritius,96,2015
Mexico,"158,619",2015
"Micronesia, Federated States",6,2015
Moldova,"2,496",2015
Monaco,10,2015
Mongolia,644,2015
Montenegro,251,2015
Montserrat,14,2015
Morocco,"3,710",2015
Mozambique,107,2015
Namibia,86,2015
Nepal,"12,926",2015
Netherlands,"1,309",2015
Netherlands Antilles (former),22,2015
New Caledonia,9,2015
New Zealand,855,2015
Nicaragua,"3,324",2015
Niger,55,2015
Nigeria,"11,542",2015
Norway,310,2015
Oman,85,2015
Pakistan,"18,057",2015
Palau,15,2015
Panama,"1,052",2015
Papua New Guinea,11,2015
Paraguay,382,2015
Peru,"10,148",2015
Philippines,"56,478",2015
Poland,"5,275",2015
Portugal,857,2015
Qatar,229,2015
Romania,"3,376",2015
Russia,"8,799",2015
Rwanda,732,2015
Saint Kitts and Nevis,222,2015
Saint Lucia,739,2015
Saint Vincent and the Grenadines,415,2015
Samoa,207,2015
Sao Tome and Principe,6,2015
Saudi Arabia,"1,744",2015
Senegal,"1,244",2015
Serbia,"1,278",2015
Serbia and Montenegro (former),232,2015
Seychelles,11,2015
Sierra Leone,"1,599",2015
Singapore,781,2015
Sint Maarten,45,2015
Slovakia,424,2015
Slovenia,107,2015
Somalia,"6,796",2015
South Africa,"2,907",2015
South Sudan,127,2015
Soviet Union (former),"1,022",2015
Spain,"3,303",2015
Sri Lanka,"1,763",2015
Sudan,"3,580",2015
Suriname,134,2015
Swaziland,19,2015
Sweden,"1,066",2015
Switzerland,640,2015
Syria,"3,840",2015
Taiwan,"4,888",2015
Tajikistan,595,2015
Tanzania,799,2015
Thailand,"7,502",2015
Togo,"1,547",2015
Tonga,327,2015
Trinidad and Tobago,"3,212",2015
Tunisia,518,2015
Turkey,"4,201",2015
Turkmenistan,226,2015
Turks and Caicos Islands,38,2015
Uganda,"1,664",2015
Ukraine,"7,987",2015
United Arab Emirates,"1,193",2015
United Kingdom,"12,592",2015
United States,370,2015
Uruguay,"1,078",2015
Uzbekistan,"3,977",2015
Venezuela,"9,144",2015
Vietnam,"30,832",2015
"Virgin Islands, British",38,2015
Yemen,"3,194",2015
Zambia,460,2015
Zimbabwe,779,2015
All other countries 2,35,2015
Unknown,677,2015
Afghanistan,"12,513",2016
Albania,"5,773",2016
Algeria,"2,180",2016
American Samoa,-,2016
Angola,198,2016
Anguilla,20,2016
Antigua and Barbuda,324,2016
Argentina,"4,091",2016
Armenia,"3,543",2016
Aruba,23,2016
Australia,"3,239",2016
Austria,432,2016
Azerbaijan,784,2016
Bahamas,656,2016
Bahrain,138,2016
Bangladesh,"18,723",2016
Barbados,371,2016
Belarus,"2,127",2016
Belgium,691,2016
Belize,851,2016
Benin,577,2016
Bermuda,99,2016
Bhutan,"4,217",2016
Bolivia,"1,595",2016
Bosnia and Herzegovina,971,2016
Botswana,78,2016
Brazil,"13,812",2016
Brunei,31,2016
Bulgaria,"2,670",2016
Burkina Faso,642,2016
Burma,"13,065",2016
Burundi,415,2016
Cabo Verde,"2,242",2016
Cambodia,"3,173",2016
Cameroon,"4,899",2016
Canada,"12,793",2016
Cayman Islands,55,2016
Central African Republic,202,2016
Chad,136,2016
Chile,"1,698",2016
"China, People's Republic","81,772",2016
Colombia,"18,610",2016
Comoros,4,2016
"Congo, Democratic Republic","6,791",2016
"Congo, Republic",625,2016
Costa Rica,"2,224",2016
Cote d'Ivoire,"1,617",2016
Croatia,388,2016
Cuba,"66,516",2016
Curacao,35,2016
Cyprus,131,2016
Czechia,650,2016
Czechoslovakia (former),62,2016
Denmark,521,2016
Djibouti,281,2016
Dominica,298,2016
Dominican Republic,"61,161",2016
Ecuador,"10,757",2016
Egypt,"12,045",2016
El Salvador,"23,449",2016
Equatorial Guinea,18,2016
Eritrea,"2,267",2016
Estonia,211,2016
Ethiopia,"13,232",2016
Fiji,866,2016
Finland,489,2016
France,"5,159",2016
French Polynesia,27,2016
Gabon,165,2016
Gambia,"1,247",2016
Georgia,"1,635",2016
Germany,"5,306",2016
Ghana,"6,949",2016
Greece,"1,451",2016
Grenada,585,2016
Guatemala,"13,002",2016
Guinea,"1,501",2016
Guinea-Bissau,37,2016
Guyana,"5,771",2016
Haiti,"23,584",2016
Honduras,"13,302",2016
Hong Kong,"2,510",2016
Hungary,"1,048",2016
Iceland,97,2016
India,"64,687",2016
Indonesia,"2,129",2016
Iran,"13,298",2016
Iraq,"18,904",2016
Ireland,"1,759",2016
Israel,"4,142",2016
Italy,"4,078",2016
Jamaica,"23,350",2016
Japan,"5,207",2016
Jordan,"5,269",2016
Kazakhstan,"1,310",2016
Kenya,"6,274",2016
Kiribati,9,2016
"Korea, North",47,2016
"Korea, South 1","21,801",2016
Kosovo,"1,020",2016
Kuwait,"1,186",2016
Kyrgyzstan,847,2016
Laos,856,2016
Latvia,391,2016
Lebanon,"2,971",2016
Lesotho,19,2016
Liberia,"3,619",2016
Libya,642,2016
Lithuania,735,2016
Luxembourg,34,2016
Macau,109,2016
Macedonia,"1,262",2016
Madagascar,88,2016
Malawi,205,2016
Malaysia,"3,382",2016
Maldives,11,2016
Mali,598,2016
Malta,65,2016
Marshall Islands,32,2016
Mauritania,317,2016
Mauritius,110,2016
Mexico,"174,534",2016
"Micronesia, Federated States",11,2016
Moldova,"2,929",2016
Monaco,11,2016
Mongolia,750,2016
Montenegro,387,2016
Montserrat,14,2016
Morocco,"4,586",2016
Mozambique,101,2016
Namibia,87,2016
Nepal,"12,851",2016
Netherlands,"1,319",2016
Netherlands Antilles (former),18,2016
New Caledonia,5,2016
New Zealand,846,2016
Nicaragua,"3,486",2016
Niger,119,2016
Nigeria,"14,380",2016
Norway,362,2016
Oman,116,2016
Pakistan,"19,313",2016
Palau,14,2016
Panama,"1,029",2016
Papua New Guinea,23,2016
Paraguay,434,2016
Peru,"10,940",2016
Philippines,"53,287",2016
Poland,"5,603",2016
Portugal,"1,006",2016
Qatar,272,2016
Romania,"3,554",2016
Russia,"9,297",2016
Rwanda,"1,357",2016
Saint Kitts and Nevis,250,2016
Saint Lucia,777,2016
Saint Vincent and the Grenadines,422,2016
Samoa,219,2016
Sao Tome and Principe,12,2016
Saudi Arabia,"2,117",2016
Senegal,"1,533",2016
Serbia,"1,351",2016
Serbia and Montenegro (former),202,2016
Seychelles,16,2016
Sierra Leone,"1,535",2016
Singapore,812,2016
Sint Maarten,42,2016
Slovakia,483,2016
Slovenia,119,2016
Somalia,"6,958",2016
South Africa,"3,023",2016
South Sudan,124,2016
Soviet Union (former),"1,042",2016
Spain,"3,519",2016
Sri Lanka,"1,913",2016
Sudan,"3,159",2016
Suriname,156,2016
Swaziland,20,2016
Sweden,"1,144",2016
Switzerland,743,2016
Syria,"4,800",2016
Taiwan,"5,120",2016
Tajikistan,593,2016
Tanzania,788,2016
Thailand,"7,039",2016
Togo,"1,938",2016
Tonga,283,2016
Trinidad and Tobago,"3,469",2016
Tunisia,518,2016
Turkey,"4,469",2016
Turkmenistan,235,2016
Turks and Caicos Islands,39,2016
Uganda,"1,649",2016
Ukraine,"10,422",2016
United Arab Emirates,"1,370",2016
United Kingdom,"12,673",2016
United States,468,2016
Uruguay,972,2016
Uzbekistan,"4,359",2016
Venezuela,"10,772",2016
Vietnam,"41,451",2016
"Virgin Islands, British",40,2016
Yemen,"13,040",2016
Zambia,487,2016
Zimbabwe,815,2016
All other countries 2,34,2016
Unknown,"1,724",2016
Afghanistan,"19,538",2017
Albania,"5,722",2017
Algeria,"2,139",2017
American Samoa,D,2017
Angola,209,2017
Anguilla,23,2017
Antigua and Barbuda,322,2017
Argentina,"3,482",2017
Armenia,"3,437",2017
Aruba,47,2017
Australia,"2,906",2017
Austria,387,2017
Azerbaijan,881,2017
Bahamas,725,2017
Bahrain,130,2017
Bangladesh,"14,693",2017
Barbados,373,2017
Belarus,"1,919",2017
Belgium,625,2017
Belize,746,2017
Benin,648,2017
Bermuda,68,2017
Bhutan,"2,940",2017
Bolivia,"1,510",2017
Bosnia and Herzegovina,846,2017
Botswana,112,2017
Brazil,"14,989",2017
Brunei,24,2017
Bulgaria,"2,184",2017
Burkina Faso,541,2017
Burma,"12,897",2017
Burundi,"1,094",2017
Cabo Verde,"2,618",2017
Cambodia,"4,056",2017
Cameroon,"4,668",2017
Canada,"11,484",2017
Cayman Islands,67,2017
Central African Republic,178,2017
Chad,205,2017
Chile,"1,625",2017
"China, People's Republic","71,565",2017
Colombia,"17,956",2017
Comoros,4,2017
"Congo, Democratic Republic","8,709",2017
"Congo, Republic",632,2017
Costa Rica,"2,184",2017
Cote d'Ivoire,"1,810",2017
Croatia,375,2017
Cuba,"65,028",2017
Curacao,34,2017
Cyprus,117,2017
Czechia,582,2017
Czechoslovakia (former),52,2017
Denmark,461,2017
Djibouti,222,2017
Dominica,510,2017
Dominican Republic,"58,520",2017
Ecuador,"10,594",2017
Egypt,"9,834",2017
El Salvador,"25,109",2017
Equatorial Guinea,20,2017
Eritrea,"2,449",2017
Estonia,176,2017
Ethiopia,"14,637",2017
Fiji,805,2017
Finland,439,2017
France,"4,782",2017
French Polynesia,20,2017
Gabon,150,2017
Gambia,"1,134",2017
Georgia,"1,629",2017
Germany,"4,662",2017
Ghana,"8,455",2017
Greece,"1,314",2017
Grenada,544,2017
Guatemala,"13,198",2017
Guinea,"1,348",2017
Guinea-Bissau,48,2017
Guyana,"5,468",2017
Haiti,"21,824",2017
Honduras,"11,387",2017
Hong Kong,"2,415",2017
Hungary,972,2017
Iceland,86,2017
India,"60,394",2017
Indonesia,"1,914",2017
Iran,"13,791",2017
Iraq,"14,203",2017
Ireland,"1,485",2017
Israel,"3,802",2017
Italy,"3,655",2017
Jamaica,"21,905",2017
Japan,"4,635",2017
Jordan,"5,264",2017
Kazakhstan,"1,377",2017
Kenya,"6,957",2017
Kiribati,D,2017
"Korea, North",32,2017
"Korea, South 1","19,194",2017
Kosovo,"1,014",2017
Kuwait,"1,177",2017
Kyrgyzstan,715,2017
Laos,685,2017
Latvia,359,2017
Lebanon,"2,818",2017
Lesotho,24,2017
Liberia,"4,155",2017
Libya,780,2017
Lithuania,645,2017
Luxembourg,33,2017
Macau,109,2017
Macedonia,"1,027",2017
Madagascar,60,2017
Malawi,228,2017
Malaysia,"4,109",2017
Maldives,5,2017
Mali,544,2017
Malta,75,2017
Marshall Islands,23,2017
Mauritania,287,2017
Mauritius,96,2017
Mexico,"170,581",2017
"Micronesia, Federated States",6,2017
Moldova,"2,480",2017
Monaco,14,2017
Mongolia,661,2017
Montenegro,323,2017
Montserrat,12,2017
Morocco,"4,229",2017
Mozambique,96,2017
Namibia,130,2017
Nepal,"11,610",2017
Netherlands,"1,056",2017
Netherlands Antilles (former),9,2017
New Caledonia,4,2017
New Zealand,798,2017
Nicaragua,"3,072",2017
Niger,116,2017
Nigeria,"13,539",2017
Norway,290,2017
Oman,104,2017
Pakistan,"17,408",2017
Palau,13,2017
Panama,889,2017
Papua New Guinea,18,2017
Paraguay,391,2017
Peru,"10,115",2017
Philippines,"49,147",2017
Poland,"4,845",2017
Portugal,939,2017
Qatar,224,2017
Romania,"2,953",2017
Russia,"8,918",2017
Rwanda,"1,394",2017
Saint Kitts and Nevis,238,2017
Saint Lucia,777,2017
Saint Vincent and the Grenadines,361,2017
Samoa,194,2017
Sao Tome and Principe,10,2017
Saudi Arabia,"2,135",2017
Senegal,"1,470",2017
Serbia,"1,410",2017
Serbia and Montenegro (former),144,2017
Seychelles,10,2017
Sierra Leone,"2,058",2017
Singapore,818,2017
Sint Maarten,35,2017
Slovakia,388,2017
Slovenia,108,2017
Somalia,"7,404",2017
South Africa,"2,912",2017
South Sudan,160,2017
Soviet Union (former),939,2017
Spain,"3,045",2017
Sri Lanka,"1,627",2017
Sudan,"3,515",2017
Suriname,136,2017
Swaziland,19,2017
Sweden,950,2017
Switzerland,565,2017
Syria,"5,877",2017
Taiwan,"4,858",2017
Tajikistan,652,2017
Tanzania,"1,415",2017
Thailand,"6,311",2017
Togo,"1,572",2017
Tonga,262,2017
Trinidad and Tobago,"3,100",2017
Tunisia,535,2017
Turkey,"4,844",2017
Turkmenistan,251,2017
Turks and Caicos Islands,35,2017
Uganda,"1,898",2017
Ukraine,"10,135",2017
United Arab Emirates,"1,314",2017
United Kingdom,"10,948",2017
United States,409,2017
Uruguay,"1,001",2017
Uzbekistan,"4,095",2017
Venezuela,"11,809",2017
Vietnam,"38,231",2017
"Virgin Islands, British",25,2017
Yemen,"6,029",2017
Zambia,537,2017
Zimbabwe,810,2017
All other countries 2,37,2017
Unknown,"1,468",2017